{"root":[{"assemblyName":"Microsoft.MixedReality.Toolkit","nameSpace":"Microsoft.MixedReality.Toolkit","className":"MixedRealityToolkit","methodName":"RegisterRuntimePlayModeListener","loadTypes":0,"isUnityClass":false},{"assemblyName":"Microsoft.MixedReality.Toolkit","nameSpace":"Microsoft.MixedReality.Toolkit","className":"MixedRealityPlayspace","methodName":"RuntimeInitializeOnLoadMethod","loadTypes":1,"isUnityClass":false},{"assemblyName":"Microsoft.MixedReality.Toolkit","nameSpace":"Microsoft.MixedReality.Toolkit.Windows.Utilities","className":"WindowsApiChecker","methodName":"CheckApiContracts","loadTypes":1,"isUnityClass":false},{"assemblyName":"Unity.XR.Management","nameSpace":"UnityEngine.XR.Management","className":"XRGeneralSettings","methodName":"AttemptInitializeXRSDKOnLoad","loadTypes":2,"isUnityClass":true},{"assemblyName":"Unity.XR.Management","nameSpace":"UnityEngine.XR.Management","className":"XRGeneralSettings","methodName":"AttemptStartXRSDKOnBeforeSplashScreen","loadTypes":3,"isUnityClass":true},{"assemblyName":"Unity.XR.WindowsMixedReality","nameSpace":"UnityEngine.XR.WindowsMR","className":"WindowsMRAnchorSubsystem","methodName":"RegisterDescriptor","loadTypes":4,"isUnityClass":true},{"assemblyName":"Unity.XR.WindowsMixedReality","nameSpace":"UnityEngine.XR.WindowsMR","className":"WindowsMRGestureSubsystem","methodName":"RegisterDescriptor","loadTypes":4,"isUnityClass":true},{"assemblyName":"Unity.XR.WindowsMixedReality","nameSpace":"UnityEngine.XR.WindowsMR","className":"WindowsMRSessionSubsystem","methodName":"RegisterDescriptor","loadTypes":4,"isUnityClass":true},{"assemblyName":"Microsoft.MixedReality.Toolkit.Async","nameSpace":"Microsoft.MixedReality.Toolkit.Utilities","className":"SyncContextUtility","methodName":"Initialize","loadTypes":1,"isUnityClass":false}]}
